university_id,academic reputation rank,academic reputation score
1,76,77.5
2,194,43.5
3,246,35.1
4,601,12.3
5,311,28.3
6,435,20.1
7,601,12.1
8,25,98.1
9,601,6.4
10,382,22.8
11,601,7.2
12,601,9.8
13,351,25.0
14,389,22.6
15,601,4.0
16,601,10.0
17,601,8.0
18,357,24.2
19,318,27.3
20,500,17.8
21,130,58.7
22,601,9.8
23,601,9.1
24,601,8.5
25,601,13.4
26,601,3.0
27,215,39.7
28,601,12.0
29,601,4.1
30,136,56.6
31,601,8.6
32,285,30.5
33,486,18.4
34,601,4.5
35,601,8.4
36,601,11.0
37,601,8.0
38,601,10.7
39,524,16.9
40,147,53.1
41,601,6.6
42,601,6.2
43,545,16.1
44,601,13.1
45,601,9.5
46,324,26.8
47,419,21.0
48,601,6.3
49,408,21.3
50,107,63.9
51,340,25.9
52,122,59.6
53,68,81.2
54,601,11.9
55,601,6.8
56,538,16.3
57,601,9.6
58,224,38.6
59,315,27.8
60,363,23.7
61,469,19.1
62,601,8.9
63,511,17.4
64,137,56.2
65,601,10.6
66,601,7.0
67,525,16.8
68,420,21.0
69,601,7.8
70,601,4.4
71,601,8.4
72,229,37.7
73,601,12.4
74,256,33.8
75,601,5.7
76,263,33.2
77,258,33.6
78,510,17.4
79,601,6.2
80,601,12.5
81,601,5.7
82,601,6.6
83,301,28.9
84,601,8.7
85,601,8.3
86,601,8.9
87,302,28.9
88,417,21.0
89,247,34.7
90,61,83.7
91,601,5.1
92,196,43.3
93,601,6.9
94,601,8.7
95,88,70.8
96,601,9.3
97,601,11.7
98,52,87.1
99,601,6.4
100,240,36.1
101,601,4.4
102,451,19.7
103,172,47.4
104,494,18.1
105,7,100.0
106,242,35.8
107,601,6.2
108,601,8.1
109,601,5.0
110,601,14.4
111,601,4.2
112,601,8.7
113,601,6.6
114,601,3.4
115,577,15.1
116,260,33.5
117,394,22.4
118,601,7.4
119,601,8.4
120,312,28.0
121,601,5.4
122,601,7.0
123,334,26.3
124,265,32.9
125,601,2.7
126,290,29.7
127,150,52.5
128,601,12.9
129,73,79.6
130,531,16.7
131,405,21.4
132,177,46.3
133,205,40.9
134,409,21.3
135,601,11.7
136,568,15.4
137,148,52.9
138,158,51.2
139,153,51.6
140,601,11.2
141,601,11.4
142,39,92.8
143,327,26.6
144,601,6.9
145,413,21.2
146,601,12.1
147,580,15.0
148,601,3.6
149,601,5.0
150,173,47.3
151,599,14.4
152,113,61.7
153,601,5.2
154,415,21.1
155,484,18.4
156,601,12.5
157,183,45.5
158,601,10.8
159,601,9.2
160,601,13.6
161,82,73.7
162,601,1.6
163,119,60.1
164,365,23.6
165,601,12.6
166,601,11.8
167,542,16.2
168,601,5.0
169,601,8.9
170,601,11.5
171,601,3.9
172,601,5.9
173,601,8.5
174,601,3.6
175,322,27.0
176,450,19.7
177,97,68.1
178,601,12.4
179,496,18.1
180,601,12.8
181,303,28.9
182,476,18.7
183,221,38.7
184,547,16.0
185,601,7.3
186,601,7.7
187,257,33.8
188,601,5.9
189,601,3.5
190,601,6.7
191,601,9.7
192,601,14.0
193,601,8.9
194,601,5.9
195,328,26.6
196,98,67.7
197,111,62.7
198,601,3.7
199,601,11.4
200,601,12.4
201,199,43.0
202,23,98.3
203,601,9.7
204,601,6.6
205,231,37.5
206,601,5.6
207,532,16.6
208,280,31.2
209,296,29.3
210,317,27.5
211,493,18.2
212,448,19.7
213,601,10.1
214,453,19.6
215,601,10.3
216,601,13.5
217,601,8.1
218,601,11.2
219,142,54.8
220,601,10.9
221,601,5.7
222,601,7.7
223,129,58.8
224,449,19.7
225,197,43.3
226,455,19.5
227,31,96.0
228,72,80.0
229,190,44.4
230,601,5.7
231,103,65.4
232,427,20.4
233,50,88.4
234,278,31.5
235,601,9.2
236,160,51.0
237,601,9.6
238,151,52.4
239,414,21.1
240,94,69.3
241,314,27.8
242,385,22.7
243,447,19.8
244,601,11.0
245,535,16.4
246,601,6.9
247,530,16.7
248,478,18.6
249,26,98.1
250,601,9.0
251,601,12.8
252,601,7.1
253,508,17.5
254,32,95.9
255,425,20.5
256,601,8.9
257,18,99.0
258,601,8.3
259,1,100.0
260,310,28.3
261,601,8.4
262,601,5.5
263,601,4.6
264,397,22.2
265,511,17.4
266,601,11.4
267,601,7.3
268,398,22.1
269,601,3.8
270,601,4.5
271,254,34.0
272,601,13.7
273,601,6.5
274,601,10.0
275,237,36.9
276,601,8.4
277,601,11.5
278,601,2.4
279,570,15.3
280,601,5.9
281,601,9.7
282,601,5.8
283,565,15.5
284,305,28.7
285,14,99.4
286,601,12.9
287,522,17.0
288,601,10.6
289,238,36.4
290,601,6.0
291,178,46.3
292,601,9.7
293,601,6.5
294,601,12.9
295,3,100.0
296,513,17.4
297,483,18.4
298,601,12.9
299,507,17.5
300,288,30.3
301,601,12.1
302,418,21.0
303,601,8.6
304,481,18.5
305,601,8.8
306,601,4.0
307,601,10.3
308,601,8.4
309,461,19.4
310,592,14.6
311,601,8.5
312,601,4.7
313,138,56.2
314,601,8.4
315,601,9.4
316,601,6.7
317,239,36.2
318,601,11.5
319,601,6.6
320,79,74.4
321,601,10.7
322,282,30.9
323,203,41.0
324,601,9.1
325,83,73.2
326,463,19.4
327,601,5.3
328,601,11.9
329,330,26.5
330,601,2.5
331,273,32.1
332,601,8.3
333,601,6.9
334,584,15.0
335,375,23.1
336,601,9.7
337,9,99.9
338,601,6.5
339,37,93.2
340,601,9.6
341,56,84.6
342,601,4.7
343,601,13.6
344,601,7.1
345,601,6.0
346,306,28.6
347,192,44.0
348,601,14.2
349,536,16.4
350,601,11.2
351,554,15.8
352,601,13.4
353,601,14.2
354,601,6.1
355,8,100.0
356,335,26.3
357,601,4.9
358,108,63.9
359,84,73.0
360,601,13.6
361,601,11.0
362,601,6.5
363,217,39.6
364,293,29.5
365,281,31.0
366,601,8.9
367,601,4.6
368,601,11.9
369,474,18.8
370,601,9.9
371,87,71.2
372,601,9.0
373,601,5.2
374,601,6.9
375,601,8.1
376,353,24.4
377,410,21.3
378,601,4.3
379,601,6.8
380,388,22.6
381,601,8.3
382,598,14.4
383,36,93.3
384,477,18.7
385,309,28.4
386,468,19.1
387,601,9.4
388,601,8.6
389,601,13.6
390,354,24.4
391,601,4.8
392,601,6.5
393,336,26.3
394,601,6.7
395,601,10.6
396,601,9.3
397,601,12.2
398,562,15.6
399,601,11.4
400,601,6.6
401,188,44.5
402,45,89.7
403,601,5.9
404,601,6.4
405,601,8.7
406,601,12.9
407,601,6.3
408,601,5.3
409,16,99.1
410,601,8.8
411,601,4.3
412,319,27.3
413,543,16.1
414,218,39.5
415,466,19.2
416,601,8.3
417,601,13.1
418,601,12.6
419,601,9.6
420,539,16.2
421,92,69.3
422,89,70.3
423,487,18.4
424,601,6.1
425,601,10.1
426,422,20.6
427,255,33.9
428,601,12.6
429,164,49.4
430,332,26.5
431,289,30.2
432,544,16.1
433,601,10.9
434,601,13.3
435,402,21.5
436,601,11.0
437,601,12.5
438,601,11.3
439,380,22.9
440,601,13.0
441,601,10.9
442,588,14.8
443,601,5.1
444,601,9.2
445,601,11.9
446,601,9.3
447,601,5.3
448,444,19.9
449,350,25.1
450,210,40.5
451,120,59.9
452,186,44.8
453,441,20.0
454,582,15.0
455,48,88.6
456,601,6.2
457,601,13.4
458,159,51.2
459,601,12.6
460,601,8.7
461,442,20.0
462,22,98.3
463,432,20.3
464,601,13.7
465,182,45.6
466,601,5.5
467,295,29.3
468,456,19.4
469,30,96.1
470,601,8.8
471,271,32.4
472,235,36.9
473,601,10.1
474,601,9.3
475,601,9.0
476,601,4.8
477,601,3.5
478,601,2.8
479,369,23.4
480,110,63.0
481,187,44.6
482,423,20.6
483,601,9.8
484,569,15.3
485,601,9.6
486,601,3.4
487,601,5.4
488,601,6.6
489,212,40.1
490,601,10.9
491,601,10.5
492,601,5.6
493,601,13.4
494,601,5.5
495,534,16.4
496,601,6.8
497,77,76.3
498,106,64.2
499,560,15.6
500,214,39.8
501,504,17.7
502,181,45.7
503,505,17.5
504,601,6.5
505,601,13.7
506,601,5.8
507,601,12.5
508,521,17.2
509,601,5.8
510,123,59.6
511,601,14.2
512,286,30.4
513,244,35.6
514,601,10.3
515,601,7.6
516,601,8.4
517,41,92.4
518,90,70.3
519,105,65.1
520,465,19.2
521,601,12.0
522,480,18.5
523,601,5.7
524,594,14.6
525,75,78.3
526,195,43.4
527,117,60.4
528,495,18.1
529,325,26.7
530,526,16.8
531,601,5.7
532,573,15.2
533,601,10.0
534,38,92.9
535,458,19.4
536,574,15.2
537,601,7.8
538,601,3.8
539,601,5.1
540,601,7.5
541,601,7.0
542,601,9.5
543,601,11.0
544,446,19.8
545,421,20.9
546,232,37.3
547,12,99.6
548,601,3.3
549,42,91.0
550,601,6.3
551,601,6.9
552,601,7.4
553,206,40.9
554,54,85.0
555,601,10.4
556,601,6.2
557,99,67.5
558,520,17.2
559,601,8.8
560,400,21.5
561,176,46.5
562,601,11.5
563,601,4.1
564,601,6.5
565,541,16.2
566,339,26.1
567,69,81.2
568,109,63.2
569,356,24.3
570,102,66.6
571,514,17.3
572,601,14.4
573,601,6.7
574,143,54.5
575,601,4.2
576,470,19.0
577,321,27.1
578,601,4.6
579,274,31.9
580,226,38.5
581,601,9.3
582,589,14.8
583,601,5.2
584,601,10.9
585,47,89.1
586,416,21.1
587,213,39.8
588,270,32.5
589,399,21.6
590,360,23.8
591,601,5.3
592,601,11.7
593,601,8.3
594,180,45.8
595,2,100.0
596,10,99.8
597,558,15.6
598,146,53.4
599,331,26.5
600,437,20.1
601,601,10.7
602,595,14.5
603,601,5.7
604,208,40.7
605,460,19.4
606,250,34.4
607,601,7.3
608,601,5.9
609,601,7.2
610,601,11.8
611,175,46.6
612,527,16.8
613,464,19.3
614,601,6.5
615,329,26.5
616,601,7.7
617,6,100.0
618,601,4.7
619,243,35.6
620,482,18.5
621,216,39.6
622,391,22.5
623,440,20.0
624,128,58.9
625,601,4.9
626,601,6.8
627,17,99.1
628,154,51.5
629,601,12.8
630,43,90.2
631,601,4.5
632,601,12.9
633,601,5.6
634,78,74.9
635,259,33.6
636,567,15.4
637,601,5.9
638,320,27.1
639,497,18.1
640,601,7.5
641,358,24.0
642,236,36.9
643,601,9.3
644,601,5.2
645,601,4.8
646,202,41.5
647,95,69.1
648,165,49.2
649,166,49.1
650,488,18.3
651,601,4.1
652,601,5.5
653,348,25.2
654,601,7.5
655,546,16.0
656,601,6.5
657,19,98.8
658,601,12.1
659,252,34.3
660,601,5.7
661,393,22.4
662,438,20.0
663,551,15.8
664,601,5.5
665,601,13.5
666,601,10.3
667,506,17.5
668,601,3.5
669,189,44.4
670,81,73.8
671,601,8.3
672,601,4.2
673,601,5.5
674,601,8.7
675,601,8.7
676,601,5.3
677,386,22.7
678,601,11.1
679,298,29.1
680,601,6.4
681,134,57.3
682,550,15.8
683,125,59.4
684,144,54.2
685,601,11.6
686,575,15.1
687,307,28.6
688,601,6.8
689,401,21.5
690,279,31.3
691,601,10.5
692,491,18.2
693,426,20.5
694,366,23.6
695,492,18.2
696,601,2.2
697,601,12.2
698,601,9.0
699,355,24.4
700,601,14.0
701,601,7.3
702,63,83.3
703,170,48.0
704,371,23.2
705,601,6.1
706,20,98.7
707,207,40.8
708,34,93.7
709,467,19.2
710,601,3.6
711,601,13.0
712,601,11.5
713,395,22.4
714,601,8.0
715,601,5.5
716,337,26.2
717,601,6.7
718,553,15.8
719,601,11.7
720,601,13.1
721,601,6.9
722,601,9.0
723,86,71.3
724,601,8.1
725,184,45.1
726,261,33.4
727,518,17.2
728,601,12.9
729,28,96.6
730,601,11.5
731,13,99.5
732,601,6.1
733,601,7.8
734,204,40.9
735,283,30.5
736,601,7.9
737,383,22.8
738,346,25.3
739,601,13.2
740,564,15.5
741,373,23.1
742,228,37.9
743,601,5.7
744,601,2.6
745,342,25.6
746,601,13.8
747,201,42.2
748,548,15.9
749,503,17.7
750,59,83.9
751,227,38.4
752,601,12.1
753,430,20.4
754,489,18.3
755,601,10.0
756,601,7.4
757,601,5.9
758,581,15.0
759,471,18.9
760,135,56.8
761,118,60.2
762,439,20.0
763,27,97.6
764,600,14.4
765,234,36.9
766,601,14.3
767,601,13.1
768,601,4.2
769,601,6.4
770,601,10.4
771,601,5.7
772,601,8.0
773,601,6.1
774,141,55.5
775,49,88.4
776,533,16.4
777,249,34.4
778,219,39.3
779,601,6.8
780,223,38.6
781,601,10.6
782,601,10.3
783,601,11.2
784,475,18.8
785,601,5.2
786,601,12.2
787,601,10.5
788,601,4.4
789,572,15.2
790,157,51.3
791,601,6.0
792,601,11.8
793,557,15.7
794,65,81.6
795,601,6.9
796,308,28.5
797,601,13.6
798,601,8.0
799,601,13.1
800,601,4.1
801,46,89.5
802,80,74.1
803,347,25.2
804,291,29.6
805,601,10.0
806,352,24.6
807,556,15.7
808,66,81.5
809,473,18.9
810,601,9.2
811,404,21.4
812,338,26.2
813,264,33.2
814,601,8.5
815,601,7.3
816,601,5.4
817,601,7.0
818,376,23.1
819,601,11.1
820,601,8.4
821,100,67.4
822,452,19.7
823,294,29.4
824,179,46.1
825,251,34.4
826,253,34.0
827,601,8.3
828,601,5.0
829,601,9.8
830,297,29.1
831,597,14.5
832,104,65.2
833,53,85.7
834,93,69.3
835,429,20.4
836,370,23.3
837,601,9.6
838,601,10.9
839,601,3.3
840,85,72.4
841,276,31.6
842,433,20.2
843,44,89.9
844,171,48.0
845,361,23.7
846,230,37.6
847,601,12.0
848,601,11.0
849,225,38.5
850,601,14.4
851,601,13.6
852,428,20.4
853,601,9.0
854,601,5.1
855,601,5.2
856,601,10.3
857,601,4.4
858,101,66.6
859,601,9.6
860,601,10.2
861,601,7.4
862,601,10.5
863,601,5.4
864,601,5.8
865,601,13.3
866,200,42.4
867,601,7.7
868,71,80.2
869,191,44.4
870,601,10.1
871,454,19.5
872,576,15.1
873,162,49.8
874,29,96.4
875,601,5.9
876,601,10.8
877,601,12.3
878,326,26.6
879,24,98.2
880,601,8.4
881,601,11.3
882,367,23.5
883,601,6.5
884,601,3.9
885,601,7.9
886,601,14.0
887,549,15.9
888,601,7.4
889,601,10.4
890,601,5.4
891,601,5.3
892,368,23.5
893,601,13.1
894,601,5.7
895,601,12.9
896,585,15.0
897,601,3.8
898,601,3.1
899,163,49.7
900,472,18.9
901,601,5.5
902,396,22.2
903,161,50.5
904,601,10.7
905,362,23.7
906,364,23.7
907,248,34.5
908,445,19.8
909,11,99.7
910,601,7.3
911,601,14.1
912,601,13.3
913,601,11.7
914,601,13.7
915,601,5.9
916,601,5.1
917,499,18.0
918,601,10.4
919,601,5.0
920,333,26.4
921,601,10.2
922,60,83.8
923,601,8.1
924,392,22.5
925,268,32.7
926,601,4.0
927,601,7.3
928,601,9.9
929,601,8.4
930,299,29.0
931,62,83.6
932,601,8.3
933,601,9.0
934,40,92.7
935,601,13.1
936,601,5.6
937,529,16.7
938,555,15.7
939,601,6.7
940,515,17.3
941,436,20.1
942,601,4.8
943,431,20.4
944,379,23.0
945,601,13.9
946,601,11.5
947,601,9.4
948,323,26.9
949,601,4.9
950,403,21.5
951,601,12.5
952,601,8.6
953,124,59.5
954,601,11.7
955,601,13.6
956,601,9.1
957,35,93.5
958,601,8.8
959,601,7.4
960,601,7.0
961,502,17.7
962,601,9.4
963,601,7.0
964,601,12.6
965,571,15.2
966,349,25.1
967,269,32.7
968,152,51.7
969,284,30.5
970,209,40.5
971,211,40.4
972,601,4.7
973,64,82.2
974,145,54.1
975,344,25.4
976,193,43.7
977,601,3.9
978,601,5.8
979,601,8.5
980,443,19.9
981,601,7.4
982,387,22.7
983,4,100.0
984,601,7.6
985,537,16.4
986,601,6.3
987,601,3.1
988,601,7.8
989,406,21.4
990,21,98.4
991,601,7.4
992,601,7.9
993,168,48.8
994,601,11.3
995,601,10.0
996,272,32.2
997,601,3.6
998,601,4.7
999,220,38.8
1000,601,7.9
1001,601,11.9
1002,434,20.2
1003,601,6.6
1004,411,21.2
1005,304,28.9
1006,485,18.4
1007,345,25.4
1008,601,12.5
1009,343,25.5
1010,601,4.9
1011,601,13.2
1012,601,7.6
1013,601,8.5
1014,601,8.8
1015,517,17.2
1016,587,14.9
1017,563,15.5
1018,156,51.4
1019,601,9.5
1020,601,4.1
1021,601,8.3
1022,601,7.0
1023,601,11.0
1024,57,84.6
1025,424,20.6
1026,601,9.7
1027,140,55.8
1028,70,80.8
1029,341,25.7
1030,601,9.4
1031,601,5.7
1032,601,9.2
1033,501,17.8
1034,601,13.4
1035,601,5.3
1036,601,10.3
1037,601,7.6
1038,596,14.5
1039,601,10.4
1040,155,51.4
1041,561,15.6
1042,131,58.3
1043,498,18.0
1044,601,8.7
1045,552,15.8
1046,601,14.3
1047,583,15.0
1048,139,55.8
1049,121,59.7
1050,601,5.5
1051,601,9.6
1052,412,21.2
1053,601,11.0
1054,457,19.4
1055,169,48.7
1056,407,21.3
1057,51,87.3
1058,300,29.0
1059,132,57.4
1060,601,7.6
1061,601,11.9
1062,58,84.0
1063,67,81.3
1064,601,5.8
1065,601,11.1
1066,601,5.6
1067,198,43.2
1068,316,27.6
1069,601,10.8
1070,523,17.0
1071,174,46.7
1072,359,23.9
1073,516,17.3
1074,601,6.7
1075,601,9.4
1076,601,6.9
1077,601,3.7
1078,601,5.8
1079,112,62.0
1080,222,38.7
1081,601,6.5
1082,267,32.9
1083,528,16.7
1084,384,22.7
1085,601,4.7
1086,601,12.6
1087,601,4.7
1088,601,9.7
1089,33,95.4
1090,390,22.5
1091,601,7.1
1092,601,8.3
1093,133,57.3
1094,601,6.7
1095,601,6.3
1096,586,14.9
1097,601,10.1
1098,126,59.1
1099,55,84.7
1100,96,68.2
1101,378,23.0
1102,601,7.8
1103,275,31.6
1104,459,19.4
1105,601,4.2
1106,377,23.0
1107,601,6.0
1108,287,30.3
1109,381,22.9
1110,74,79.2
1111,601,13.4
1112,601,5.8
1113,601,4.3
1114,601,12.6
1115,601,10.9
1116,519,17.2
1117,601,3.3
1118,115,61.4
1119,233,37.3
1120,601,8.7
1121,566,15.4
1122,601,3.0
1123,149,52.5
1124,601,4.3
1125,91,69.5
1126,601,4.9
1127,540,16.2
1128,601,11.9
1129,114,61.5
1130,313,28.0
1131,266,32.9
1132,116,60.7
1133,292,29.6
1134,374,23.1
1135,245,35.2
1136,5,100.0
1137,601,10.0
1138,127,59.0
1139,479,18.6
1140,277,31.5
1141,241,36.1
1142,372,23.2
1143,167,49.0
1144,590,14.7
1145,601,11.7
1146,601,9.7
1147,601,9.1
