university_id,academic reputation rank,academic reputation score
259,1,100.0
595,2,100.0
295,3,100.0
983,4,100.0
1136,5,100.0
617,6,100.0
105,7,100.0
355,8,100.0
337,9,99.9
596,10,99.8
909,11,99.7
547,12,99.6
731,13,99.5
285,14,99.4
409,16,99.1
627,17,99.1
257,18,99.0
657,19,98.8
706,20,98.7
990,21,98.4
462,22,98.3
202,23,98.3
879,24,98.2
8,25,98.1
249,26,98.1
763,27,97.6
729,28,96.6
874,29,96.4
469,30,96.1
227,31,96.0
254,32,95.9
1089,33,95.4
708,34,93.7
957,35,93.5
383,36,93.3
339,37,93.2
534,38,92.9
142,39,92.8
934,40,92.7
517,41,92.4
549,42,91.0
630,43,90.2
843,44,89.9
402,45,89.7
801,46,89.5
585,47,89.1
455,48,88.6
775,49,88.4
233,50,88.4
1057,51,87.3
98,52,87.1
833,53,85.7
554,54,85.0
1099,55,84.7
341,56,84.6
1024,57,84.6
1062,58,84.0
750,59,83.9
922,60,83.8
90,61,83.7
931,62,83.6
702,63,83.3
973,64,82.2
794,65,81.6
808,66,81.5
1063,67,81.3
53,68,81.2
567,69,81.2
1028,70,80.8
868,71,80.2
228,72,80.0
129,73,79.6
1110,74,79.2
525,75,78.3
1,76,77.5
497,77,76.3
634,78,74.9
320,79,74.4
802,80,74.1
670,81,73.8
161,82,73.7
325,83,73.2
359,84,73.0
840,85,72.4
723,86,71.3
371,87,71.2
95,88,70.8
422,89,70.3
518,90,70.3
1125,91,69.5
421,92,69.3
834,93,69.3
240,94,69.3
647,95,69.1
1100,96,68.2
177,97,68.1
196,98,67.7
557,99,67.5
821,100,67.4
858,101,66.6
570,102,66.6
231,103,65.4
832,104,65.2
519,105,65.1
498,106,64.2
50,107,63.9
358,108,63.9
568,109,63.2
480,110,63.0
197,111,62.7
1079,112,62.0
152,113,61.7
1129,114,61.5
1118,115,61.4
1132,116,60.7
527,117,60.4
761,118,60.2
163,119,60.1
451,120,59.9
1049,121,59.7
52,122,59.6
510,123,59.6
953,124,59.5
683,125,59.4
1098,126,59.1
1138,127,59.0
624,128,58.9
223,129,58.8
21,130,58.7
1042,131,58.3
1059,132,57.4
1093,133,57.3
681,134,57.3
760,135,56.8
30,136,56.6
64,137,56.2
313,138,56.2
1048,139,55.8
1027,140,55.8
774,141,55.5
219,142,54.8
574,143,54.5
684,144,54.2
974,145,54.1
598,146,53.4
40,147,53.1
137,148,52.9
1123,149,52.5
127,150,52.5
238,151,52.4
968,152,51.7
139,153,51.6
628,154,51.5
1040,155,51.4
1018,156,51.4
790,157,51.3
138,158,51.2
458,159,51.2
236,160,51.0
903,161,50.5
873,162,49.8
899,163,49.7
429,164,49.4
648,165,49.2
649,166,49.1
1143,167,49.0
993,168,48.8
1055,169,48.7
703,170,48.0
844,171,48.0
103,172,47.4
150,173,47.3
1071,174,46.7
611,175,46.6
561,176,46.5
132,177,46.3
291,178,46.3
824,179,46.1
594,180,45.8
502,181,45.7
465,182,45.6
157,183,45.5
725,184,45.1
452,186,44.8
481,187,44.6
401,188,44.5
669,189,44.4
229,190,44.4
869,191,44.4
347,192,44.0
976,193,43.7
2,194,43.5
526,195,43.4
92,196,43.3
225,197,43.3
1067,198,43.2
201,199,43.0
866,200,42.4
747,201,42.2
646,202,41.5
323,203,41.0
734,204,40.9
133,205,40.9
553,206,40.9
707,207,40.8
604,208,40.7
970,209,40.5
450,210,40.5
971,211,40.4
489,212,40.1
587,213,39.8
500,214,39.8
27,215,39.7
621,216,39.6
363,217,39.6
414,218,39.5
778,219,39.3
999,220,38.8
183,221,38.7
1080,222,38.7
780,223,38.6
58,224,38.6
849,225,38.5
580,226,38.5
751,227,38.4
742,228,37.9
72,229,37.7
846,230,37.6
205,231,37.5
546,232,37.3
1119,233,37.3
765,234,36.9
472,235,36.9
642,236,36.9
275,237,36.9
289,238,36.4
317,239,36.2
100,240,36.1
1141,241,36.1
106,242,35.8
619,243,35.6
513,244,35.6
1135,245,35.2
3,246,35.1
89,247,34.7
907,248,34.5
777,249,34.4
606,250,34.4
825,251,34.4
659,252,34.3
826,253,34.0
271,254,34.0
427,255,33.9
74,256,33.8
187,257,33.8
77,258,33.6
635,259,33.6
116,260,33.5
726,261,33.4
76,263,33.2
813,264,33.2
124,265,32.9
1131,266,32.9
1082,267,32.9
925,268,32.7
967,269,32.7
588,270,32.5
471,271,32.4
996,272,32.2
331,273,32.1
579,274,31.9
1103,275,31.6
841,276,31.6
1140,277,31.5
234,278,31.5
690,279,31.3
208,280,31.2
365,281,31.0
322,282,30.9
735,283,30.5
969,284,30.5
32,285,30.5
512,286,30.4
1108,287,30.3
300,288,30.3
431,289,30.2
126,290,29.7
804,291,29.6
1133,292,29.6
364,293,29.5
823,294,29.4
467,295,29.3
209,296,29.3
830,297,29.1
679,298,29.1
930,299,29.0
1058,300,29.0
83,301,28.9
87,302,28.9
181,303,28.9
1005,304,28.9
284,305,28.7
346,306,28.6
687,307,28.6
796,308,28.5
385,309,28.4
260,310,28.3
5,311,28.3
120,312,28.0
1130,313,28.0
241,314,27.8
59,315,27.8
1068,316,27.6
210,317,27.5
19,318,27.3
412,319,27.3
638,320,27.1
577,321,27.1
175,322,27.0
948,323,26.9
46,324,26.8
529,325,26.7
878,326,26.6
143,327,26.6
195,328,26.6
615,329,26.5
329,330,26.5
599,331,26.5
430,332,26.5
920,333,26.4
123,334,26.3
356,335,26.3
393,336,26.3
716,337,26.2
812,338,26.2
566,339,26.1
51,340,25.9
1029,341,25.7
745,342,25.6
1009,343,25.5
975,344,25.4
1007,345,25.4
738,346,25.3
803,347,25.2
653,348,25.2
966,349,25.1
449,350,25.1
13,351,25.0
806,352,24.6
376,353,24.4
390,354,24.4
699,355,24.4
569,356,24.3
18,357,24.2
641,358,24.0
1072,359,23.9
590,360,23.8
845,361,23.7
905,362,23.7
60,363,23.7
906,364,23.7
164,365,23.6
694,366,23.6
882,367,23.5
892,368,23.5
479,369,23.4
836,370,23.3
704,371,23.2
1142,372,23.2
741,373,23.1
1134,374,23.1
335,375,23.1
818,376,23.1
1106,377,23.0
1101,378,23.0
944,379,23.0
439,380,22.9
1109,381,22.9
10,382,22.8
737,383,22.8
1084,384,22.7
242,385,22.7
677,386,22.7
982,387,22.7
380,388,22.6
14,389,22.6
1090,390,22.5
622,391,22.5
924,392,22.5
661,393,22.4
117,394,22.4
713,395,22.4
902,396,22.2
264,397,22.2
268,398,22.1
589,399,21.6
560,400,21.5
689,401,21.5
435,402,21.5
950,403,21.5
811,404,21.4
131,405,21.4
989,406,21.4
1056,407,21.3
49,408,21.3
134,409,21.3
377,410,21.3
1004,411,21.2
1052,412,21.2
145,413,21.2
239,414,21.1
154,415,21.1
586,416,21.1
88,417,21.0
302,418,21.0
47,419,21.0
68,420,21.0
545,421,20.9
426,422,20.6
482,423,20.6
1025,424,20.6
255,425,20.5
693,426,20.5
232,427,20.4
852,428,20.4
835,429,20.4
753,430,20.4
943,431,20.4
463,432,20.3
842,433,20.2
1002,434,20.2
6,435,20.1
941,436,20.1
600,437,20.1
662,438,20.0
762,439,20.0
623,440,20.0
453,441,20.0
461,442,20.0
980,443,19.9
448,444,19.9
908,445,19.8
544,446,19.8
243,447,19.8
212,448,19.7
224,449,19.7
176,450,19.7
102,451,19.7
822,452,19.7
214,453,19.6
871,454,19.5
226,455,19.5
468,456,19.4
1054,457,19.4
535,458,19.4
1104,459,19.4
605,460,19.4
309,461,19.4
326,463,19.4
613,464,19.3
520,465,19.2
415,466,19.2
709,467,19.2
386,468,19.1
61,469,19.1
576,470,19.0
759,471,18.9
900,472,18.9
809,473,18.9
369,474,18.8
784,475,18.8
182,476,18.7
384,477,18.7
248,478,18.6
1139,479,18.6
522,480,18.5
304,481,18.5
620,482,18.5
297,483,18.4
155,484,18.4
1006,485,18.4
33,486,18.4
423,487,18.4
650,488,18.3
754,489,18.3
692,491,18.2
695,492,18.2
211,493,18.2
104,494,18.1
528,495,18.1
179,496,18.1
639,497,18.1
1043,498,18.0
917,499,18.0
20,500,17.8
